"","Type","Value"
"1","F1",0.189766278874573
"2","Precision",0.422857688574654
"3","Recall",0.186544734039492
