"","Type","Value"
"1","F1",0.0275780877409569
"2","Precision",0.0192898551171145
"3","Recall",0.058805188824624
