"","Type","Value"
"1","F1",0.528401952344027
"2","Precision",0.846074928589718
"3","Recall",0.422120085538513
