"","Type","Value"
"1","F1",0.156698557302234
"2","Precision",0.29706745411002
"3","Recall",0.176986627412014
