"","Type","Value"
"1","F1",0.238639980502669
"2","Precision",0.555503896396316
"3","Recall",0.241130110787123
