"","Type","Value"
"1","F1",0.321293126906544
"2","Precision",0.670879401577983
"3","Recall",0.310432720148217
