"","Type","Value"
"1","F1",0.128754932984504
"2","Precision",0.339178162245872
"3","Recall",0.140076334355762
