"","Type","Value"
"1","F1",0.0200181598906102
"2","Precision",0.0190565914940518
"3","Recall",0.0470222051970037
