"","Type","Value"
"1","F1",0.211413122404452
"2","Precision",0.395891122195332
"3","Recall",0.216708337026905
