"","Type","Value"
"1","F1",0.181912636252592
"2","Precision",0.485920332960639
"3","Recall",0.202036328963533
