"","Type","Value"
"1","F1",0.0257738055787931
"2","Precision",0.0201967362396274
"3","Recall",0.0536778109627057
