"","Type","Value"
"1","F1",0.27071090391979
"2","Precision",0.543696162504629
"3","Recall",0.2722316736833
