"","Type","Value"
"1","F1",0.349969216857123
"2","Precision",0.743859623642127
"3","Recall",0.270929011254962
