"","Type","Value"
"1","F1",0.0685657681547269
"2","Precision",0.0829149307780855
"3","Recall",0.0874080822412201
