"","Type","Value"
"1","F1",0.0398741494095288
"2","Precision",0.0346377493064974
"3","Recall",0.0706048120956327
