"","Type","Value"
"1","F1",0.111462922800279
"2","Precision",0.149758255143571
"3","Recall",0.1461457292883
