"","Type","Value"
"1","F1",0.0474007430596293
"2","Precision",0.0386216760818711
"3","Recall",0.0795912641205394
