"","Type","Value"
"1","F1",0.0988774227716107
"2","Precision",0.152531251332535
"3","Recall",0.115368149274912
