"","Type","Value"
"1","F1",0.400985415265109
"2","Precision",0.720182962039187
"3","Recall",0.369798341648113
