"","Type","Value"
"1","F1",0.0247289221144109
"2","Precision",0.0206629827522806
"3","Recall",0.0519718066594268
