"","Type","Value"
"1","F1",0.409276474013885
"2","Precision",0.630298536133432
"3","Recall",0.401746954811214
