"","Type","Value"
"1","F1",0.137930450093179
"2","Precision",0.185628430949182
"3","Recall",0.180701087079908
