"","Type","Value"
"1","F1",0.108644563500938
"2","Precision",0.115833442025276
"3","Recall",0.130022833474248
