"","Type","Value"
"1","F1",0.0265979447252307
"2","Precision",0.0203254290100369
"3","Recall",0.0552468040420781
