"","Type","Value"
"1","F1",0.157550763202365
"2","Precision",0.301175871051841
"3","Recall",0.187428130017087
