"","Type","Value"
"1","F1",0.460038015033013
"2","Precision",0.806759200391845
"3","Recall",0.375830490552581
