"","Type","Value"
"1","F1",0.135804115400454
"2","Precision",0.177979436041065
"3","Recall",0.178464069258848
