"","Type","Value"
"1","F1",0.138537233042997
"2","Precision",0.289057395820569
"3","Recall",0.174099396513162
