"","Type","Value"
"1","F1",0.191083751795686
"2","Precision",0.593577787929514
"3","Recall",0.146267939344712
