"","Type","Value"
"1","F1",0.0219062314439868
"2","Precision",0.020499795624824
"3","Recall",0.0486949399606905
