"","Type","Value"
"1","F1",0.267699810025541
"2","Precision",0.471468122582591
"3","Recall",0.274518865099931
