"","Type","Value"
"1","F1",0.353919413535728
"2","Precision",0.801573373407212
"3","Recall",0.265125165290064
