"","Type","Value"
"1","F1",0.108660315438862
"2","Precision",0.253155420907944
"3","Recall",0.151565312271673
