"","Type","Value"
"1","F1",0.43739653013837
"2","Precision",0.677121616053453
"3","Recall",0.380280197806886
