"","Type","Value"
"1","F1",0.478287424641185
"2","Precision",0.724274823938143
"3","Recall",0.411573493866513
