"","Type","Value"
"1","F1",0.164047116382466
"2","Precision",0.470232053629555
"3","Recall",0.165343517107704
