"","Type","Value"
"1","F1",0.045268320893191
"2","Precision",0.0833876939576068
"3","Recall",0.0762537148590103
