"","Type","Value"
"1","F1",0.182109224699745
"2","Precision",0.371606254612326
"3","Recall",0.183932621223029
