"","Type","Value"
"1","F1",0.0443227429269531
"2","Precision",0.0778128975810377
"3","Recall",0.0839271614265186
