"","Type","Value"
"1","F1",0.338482380482114
"2","Precision",0.721625522471265
"3","Recall",0.286398299017928
