"","Type","Value"
"1","F1",0.0903316741862641
"2","Precision",0.220892823465878
"3","Recall",0.100902192740914
