"","Type","Value"
"1","F1",0.211588587849961
"2","Precision",0.518636040687733
"3","Recall",0.189299095668483
