"","Type","Value"
"1","F1",0.535719227778618
"2","Precision",0.774888577127084
"3","Recall",0.461382025728957
