"","Type","Value"
"1","F1",0.610578585795646
"2","Precision",0.803751610095894
"3","Recall",0.534166404106189
