"","Type","Value"
"1","F1",0.182923584738316
"2","Precision",0.432782473528835
"3","Recall",0.168802387772134
