"","Type","Value"
"1","F1",0.578970494023113
"2","Precision",0.810523871155989
"3","Recall",0.493754653491553
