"","Type","Value"
"1","F1",0.0891245798761752
"2","Precision",0.181023587772406
"3","Recall",0.121909179557431
