"","Type","Value"
"1","F1",0.116077776804347
"2","Precision",0.141197689608612
"3","Recall",0.137479071321836
