"","Type","Value"
"1","F1",0.0223354163131665
"2","Precision",0.0221106420527451
"3","Recall",0.0488346548800975
