"","Type","Value"
"1","F1",0.489703689209242
"2","Precision",0.891265955415809
"3","Recall",0.372040664176898
