"","Type","Value"
"1","F1",0.0866577501287803
"2","Precision",0.271813610183778
"3","Recall",0.0915438667488842
