"","Type","Value"
"1","F1",0.38094782000218
"2","Precision",0.636252077826843
"3","Recall",0.315049407159112
