"","Type","Value"
"1","F1",0.145682842988105
"2","Precision",0.28322332818547
"3","Recall",0.165829181923897
