"","Type","Value"
"1","F1",0.0322551339387954
"2","Precision",0.0530856148370009
"3","Recall",0.0634028599418866
