"","Type","Value"
"1","F1",0.0418939040712704
"2","Precision",0.0463930683144828
"3","Recall",0.0697825070433666
