"","Type","Value"
"1","F1",0.316526155346124
"2","Precision",0.667809503979904
"3","Recall",0.248921435509455
