"","Type","Value"
"1","F1",0.0759209335752718
"2","Precision",0.136497627672374
"3","Recall",0.0929119084513459
