"","Type","Value"
"1","F1",0.445716953690168
"2","Precision",0.876885844408517
"3","Recall",0.339967427528147
