"","Type","Value"
"1","F1",0.111199671026388
"2","Precision",0.160407932248355
"3","Recall",0.145570811691525
