"","Type","Value"
"1","F1",0.532435153847476
"2","Precision",0.792804828779696
"3","Recall",0.46013902200596
