"","Type","Value"
"1","F1",0.0800859130385496
"2","Precision",0.120570698017106
"3","Recall",0.122851739736741
