"","Type","Value"
"1","F1",0.423705634502164
"2","Precision",0.747489275693018
"3","Recall",0.411560133308741
