"","Type","Value"
"1","F1",0.596124422060104
"2","Precision",0.856256129741823
"3","Recall",0.502752859030065
