"","Type","Value"
"1","F1",0.426724888432412
"2","Precision",0.821021901887185
"3","Recall",0.321542404769953
