"","Type","Value"
"1","F1",0.101550792094921
"2","Precision",0.110770243290842
"3","Recall",0.15182342806018
