"","Type","Value"
"1","F1",0.523020187774755
"2","Precision",0.767292910322865
"3","Recall",0.466318466144966
