"","Type","Value"
"1","F1",0.531511341221096
"2","Precision",0.859666304649023
"3","Recall",0.435180822941241
