"","Type","Value"
"1","F1",0.464452657039906
"2","Precision",0.87233835947631
"3","Recall",0.366485094355032
