"","Type","Value"
"1","F1",0.0811589968357608
"2","Precision",0.0831692095742857
"3","Recall",0.110699123560902
