"","Type","Value"
"1","F1",0.258145165814391
"2","Precision",0.581958056318735
"3","Recall",0.224432720382783
