"","Type","Value"
"1","F1",0.318058305526493
"2","Precision",0.609345647556129
"3","Recall",0.290874280453967
