"","Type","Value"
"1","F1",0.530108848307013
"2","Precision",0.778304930944992
"3","Recall",0.446234931054292
