"","Type","Value"
"1","F1",0.374749004375609
"2","Precision",0.815290349404944
"3","Recall",0.276034768925163
