"","Type","Value"
"1","F1",0.108527453317196
"2","Precision",0.222209244692131
"3","Recall",0.138974830273785
