"","Type","Value"
"1","F1",0.505383672230424
"2","Precision",0.858439410952292
"3","Recall",0.423726018596274
