"","Type","Value"
"1","F1",0.365714890876823
"2","Precision",0.783012337807558
"3","Recall",0.318131089600343
