"","Type","Value"
"1","F1",0.101291224446128
"2","Precision",0.247032020706978
"3","Recall",0.109225387608114
