"","Type","Value"
"1","F1",0.341430337333622
"2","Precision",0.752867422312273
"3","Recall",0.313931527372779
