"","Type","Value"
"1","F1",0.133086664343884
"2","Precision",0.192256667073251
"3","Recall",0.142111219600853
