"","Type","Value"
"1","F1",0.0750405256892042
"2","Precision",0.16872840667923
"3","Recall",0.0924893523699791
