"","Type","Value"
"1","F1",0.458034642142537
"2","Precision",0.752882238853473
"3","Recall",0.391730907083016
