"","Type","Value"
"1","F1",0.306447711761513
"2","Precision",0.521542583969428
"3","Recall",0.328854380435642
