"","Type","Value"
"1","F1",0.25057996685326
"2","Precision",0.5291015957095
"3","Recall",0.233674596939191
