"","Type","Value"
"1","F1",0.11082131942823
"2","Precision",0.124112651064685
"3","Recall",0.147101160482773
