"","Type","Value"
"1","F1",0.0265048708925587
"2","Precision",0.0227786471072118
"3","Recall",0.0533734048563981
