"","Type","Value"
"1","F1",0.0210973479617132
"2","Precision",0.0193260982451001
"3","Recall",0.0480528306509979
