"","Type","Value"
"1","F1",0.389793686321018
"2","Precision",0.64915511769878
"3","Recall",0.338218251732096
