"","Type","Value"
"1","F1",0.262850645811251
"2","Precision",0.717605973413232
"3","Recall",0.210262523111838
