"","Type","Value"
"1","F1",0.379173717273115
"2","Precision",0.776958474479869
"3","Recall",0.331335603667636
