"","Type","Value"
"1","F1",0.420946842097214
"2","Precision",0.834208131011028
"3","Recall",0.307760247778581
