"","Type","Value"
"1","F1",0.406279343646832
"2","Precision",0.860318525790112
"3","Recall",0.298059653866577
