"","Type","Value"
"1","F1",0.0406004668025392
"2","Precision",0.0348720234474148
"3","Recall",0.0759217018223875
