"","Type","Value"
"1","F1",0.379967798967303
"2","Precision",0.850528133084008
"3","Recall",0.267996608354606
