"","Type","Value"
"1","F1",0.377765070486099
"2","Precision",0.670283343819762
"3","Recall",0.346681212936202
