"","Type","Value"
"1","F1",0.174219583701335
"2","Precision",0.302346136708329
"3","Recall",0.194431804707632
