"","Type","Value"
"1","F1",0.323712364141914
"2","Precision",0.846109705631919
"3","Recall",0.226181418620817
