"","Type","Value"
"1","F1",0.0256691825114442
"2","Precision",0.0197744535048914
"3","Recall",0.0534670620320708
