"","Type","Value"
"1","F1",0.271038085464548
"2","Precision",0.59373109959924
"3","Recall",0.233331172429495
