"","Type","Value"
"1","F1",0.436028665418901
"2","Precision",0.854748250566596
"3","Recall",0.328804461817731
