"","Type","Value"
"1","F1",0.15376195777153
"2","Precision",0.415113377144552
"3","Recall",0.152584258235726
