Algorithm,Proportion_front=0,num_solutions_total,Proportion_front<=0.2,Proportion_front<=0.4
Algorithm 1,0.2631578947368421,19,0.42105263157894735,0.7368421052631579
Algorithm 2,0.10526315789473684,19,0.3157894736842105,0.42105263157894735
