"","Type","Value"
"1","F1",0.0966349625033434
"2","Precision",0.115667259008619
"3","Recall",0.134812921581863
