"","Type","Value"
"1","F1",0.113635140054122
"2","Precision",0.103736692293853
"3","Recall",0.152678272366167
