"","Type","Value"
"1","F1",0.159841585233592
"2","Precision",0.148527228709957
"3","Recall",0.194786209240462
