"","Type","Value"
"1","F1",0.283522677221715
"2","Precision",0.327747677034198
"3","Recall",0.310831976419048
