"","Type","Value"
"1","F1",0.565613790589023
"2","Precision",0.612894525262018
"3","Recall",0.57898006297044
