"","Type","Value"
"1","F1",0.633791150914234
"2","Precision",0.800072636987237
"3","Recall",0.558861892636079
