"","Type","Value"
"1","F1",0.580988454648472
"2","Precision",0.812914132130909
"3","Recall",0.497145457834499
