"","Type","Value"
"1","F1",0.0639458520607272
"2","Precision",0.0532766880982665
"3","Recall",0.0958820635594881
