"","Type","Value"
"1","F1",0.0672285737132429
"2","Precision",0.057504606279785
"3","Recall",0.104057703929494
