"","Type","Value"
"1","F1",0.0255287903519976
"2","Precision",0.0627851960922806
"3","Recall",0.05014499717703
