"","Type","Value"
"1","F1",0.0656913462658526
"2","Precision",0.0986213134051682
"3","Recall",0.100619650139668
