"","Type","Value"
"1","F1",0.585453059872401
"2","Precision",0.740248543199779
"3","Recall",0.562849420391835
