"","Type","Value"
"1","F1",0.0727694929561817
"2","Precision",0.145798170629996
"3","Recall",0.113210125199538
