"","Type","Value"
"1","F1",0.0315711654176145
"2","Precision",0.0228647992094046
"3","Recall",0.0605906336133093
