"","Type","Value"
"1","F1",0.230656122859971
"2","Precision",0.227247576048369
"3","Recall",0.264941810086563
