"","Type","Value"
"1","F1",0.0250773945181962
"2","Precision",0.0234825845616831
"3","Recall",0.0489357788985361
