"","Type","Value"
"1","F1",0.0414893908556331
"2","Precision",0.0571808678049164
"3","Recall",0.0644876441672003
