"","Type","Value"
"1","F1",0.0640970988955301
"2","Precision",0.0595409759024486
"3","Recall",0.0885053017579873
