"","Type","Value"
"1","F1",0.0306984469771173
"2","Precision",0.0260232453134244
"3","Recall",0.0554348979019977
