"","Type","Value"
"1","F1",0.223511459146801
"2","Precision",0.226450014313964
"3","Recall",0.25777372085179
