"","Type","Value"
"1","F1",0.0329106705694902
"2","Precision",0.10125829946458
"3","Recall",0.0604619041642178
