"","Type","Value"
"1","F1",0.144681365333484
"2","Precision",0.151632478523267
"3","Recall",0.172886631166097
