"","Type","Value"
"1","F1",0.174641903441794
"2","Precision",0.281395912147165
"3","Recall",0.196159035654957
