"","Type","Value"
"1","F1",0.0308957637912539
"2","Precision",0.0249760184387516
"3","Recall",0.0565126713081379
