"","Type","Value"
"1","F1",0.151049597094486
"2","Precision",0.257000627247442
"3","Recall",0.170842817426811
