"","Type","Value"
"1","F1",0.588431568121177
"2","Precision",0.686793196367106
"3","Recall",0.563635880186097
