"","Type","Value"
"1","F1",0.0276091483751162
"2","Precision",0.0253920605272503
"3","Recall",0.0513707074410764
