"","Type","Value"
"1","F1",0.126194898461287
"2","Precision",0.166089347067341
"3","Recall",0.163121623170839
