"","Type","Value"
"1","F1",0.435374253452666
"2","Precision",0.580960421575296
"3","Recall",0.423879357302015
