"","Type","Value"
"1","F1",0.156258848266218
"2","Precision",0.214755851416495
"3","Recall",0.1835984189308
