"","Type","Value"
"1","F1",0.164860718657381
"2","Precision",0.174350923434888
"3","Recall",0.184424297106092
