"","Type","Value"
"1","F1",0.136804384635132
"2","Precision",0.210105946294948
"3","Recall",0.142502783536627
