"","Type","Value"
"1","F1",0.0845434677807262
"2","Precision",0.124530377972988
"3","Recall",0.108525301488852
