"","Type","Value"
"1","F1",0.0278354585859882
"2","Precision",0.0564212916572638
"3","Recall",0.0529282551831681
