"","Type","Value"
"1","F1",0.656800970262248
"2","Precision",0.791186865126801
"3","Recall",0.606541652226626
