"","Type","Value"
"1","F1",0.387487756331986
"2","Precision",0.522446158363231
"3","Recall",0.384076436415403
