"","Type","Value"
"1","F1",0.0231194404325364
"2","Precision",0.0151708136016147
"3","Recall",0.053635269031635
