"","Type","Value"
"1","F1",0.643716380180045
"2","Precision",0.807296410285708
"3","Recall",0.576651612492006
