"","Type","Value"
"1","F1",0.0319997953210206
"2","Precision",0.0332686165358745
"3","Recall",0.0572393847826473
