"","Type","Value"
"1","F1",0.340746125544613
"2","Precision",0.506798603496227
"3","Recall",0.356885475623085
