"","Type","Value"
"1","F1",0.0782535785590829
"2","Precision",0.148777490239507
"3","Recall",0.096368954503405
