"","Type","Value"
"1","F1",0.51737074959081
"2","Precision",0.537571970169363
"3","Recall",0.547123489494434
