"","Type","Value"
"1","F1",0.538052969603226
"2","Precision",0.613109083876806
"3","Recall",0.520392948671318
