"","Type","Value"
"1","F1",0.0324924202060528
"2","Precision",0.0687620230014697
"3","Recall",0.0576892445396712
