"","Type","Value"
"1","F1",0.601356636970983
"2","Precision",0.689261965144682
"3","Recall",0.591191258814871
