"","Type","Value"
"1","F1",0.0277387371176237
"2","Precision",0.0224836671423722
"3","Recall",0.0527697841549036
