"","Type","Value"
"1","F1",0.125203142117182
"2","Precision",0.139427194710052
"3","Recall",0.146054450768538
