"","Type","Value"
"1","F1",0.504203314523996
"2","Precision",0.585894545305327
"3","Recall",0.51216615640679
