"","Type","Value"
"1","F1",0.0310427090173089
"2","Precision",0.02105670081618
"3","Recall",0.0635247652966392
