"","Type","Value"
"1","F1",0.453213465254131
"2","Precision",0.511871622011518
"3","Recall",0.47648354945005
