"","Type","Value"
"1","F1",0.24606917142906
"2","Precision",0.309001147543264
"3","Recall",0.276477780846596
