"","Type","Value"
"1","F1",0.362938232660106
"2","Precision",0.436028355405993
"3","Recall",0.400456322618171
