"","Type","Value"
"1","F1",0.252176918133057
"2","Precision",0.307460774155012
"3","Recall",0.291811523757145
