"","Type","Value"
"1","F1",0.401209559455419
"2","Precision",0.70825663866182
"3","Recall",0.416738099893318
