"","Type","Value"
"1","F1",0.156326384653144
"2","Precision",0.171257849328817
"3","Recall",0.179497222405926
