"","Type","Value"
"1","F1",0.0291108805929136
"2","Precision",0.0430495114536496
"3","Recall",0.0554609180857191
