"","Type","Value"
"1","F1",0.312763780097065
"2","Precision",0.298964245343091
"3","Recall",0.352452388103745
