"","Type","Value"
"1","F1",0.558340021699654
"2","Precision",0.562533965999735
"3","Recall",0.596357118088199
