"","Type","Value"
"1","F1",0.632033057010577
"2","Precision",0.75918394777319
"3","Recall",0.589295051032303
