"","Type","Value"
"1","F1",0.0898225275508357
"2","Precision",0.150620780192037
"3","Recall",0.106255007208039
