"","Type","Value"
"1","F1",0.634000906116905
"2","Precision",0.696089766228148
"3","Recall",0.646485022899042
