"","Type","Value"
"1","F1",0.0357182734450206
"2","Precision",0.0976755292937783
"3","Recall",0.0667132267521281
