"","Type","Value"
"1","F1",0.498710277398028
"2","Precision",0.557534399761756
"3","Recall",0.519533268904853
