"","Type","Value"
"1","F1",0.0271134881261486
"2","Precision",0.0320542721338967
"3","Recall",0.0499756757211581
