"","Type","Value"
"1","F1",0.623683682307307
"2","Precision",0.739118945698014
"3","Recall",0.578562199718134
