"","Type","Value"
"1","F1",0.0239305491290457
"2","Precision",0.0425948264690441
"3","Recall",0.0479925750207219
