"","Type","Value"
"1","F1",0.205605070508574
"2","Precision",0.230836965795446
"3","Recall",0.240387306312025
