"","Type","Value"
"1","F1",0.338505262585877
"2","Precision",0.393761114122934
"3","Recall",0.356978415227655
