"","Type","Value"
"1","F1",0.0372347679879272
"2","Precision",0.113771758000136
"3","Recall",0.0591120502943278
