"","Type","Value"
"1","F1",0.0272617868932353
"2","Precision",0.0640864999157317
"3","Recall",0.0653056542804562
