"","Type","Value"
"1","F1",0.032417980171523
"2","Precision",0.0339821781336817
"3","Recall",0.0569833698795837
