"","Type","Value"
"1","F1",0.609050789727036
"2","Precision",0.697209117864663
"3","Recall",0.597190170485091
