"","Type","Value"
"1","F1",0.0675723103585552
"2","Precision",0.0577450087646605
"3","Recall",0.104632461157829
