"","Type","Value"
"1","F1",0.0345860570640316
"2","Precision",0.0568213545253785
"3","Recall",0.0585950639207604
