"","Type","Value"
"1","F1",0.120201648277865
"2","Precision",0.0989549950545319
"3","Recall",0.176173992035752
