"","Type","Value"
"1","F1",0.0299353309455478
"2","Precision",0.0623858333411619
"3","Recall",0.0600995953020366
