"","Type","Value"
"1","F1",0.584794814259771
"2","Precision",0.641707380539324
"3","Recall",0.579463560408707
