"","Type","Value"
"1","F1",0.064273061252681
"2","Precision",0.0604227992421
"3","Recall",0.0881985417168143
