"","Type","Value"
"1","F1",0.341860115867885
"2","Precision",0.391075039726993
"3","Recall",0.359192578847705
