"","Type","Value"
"1","F1",0.0675062239058673
"2","Precision",0.0783252271229006
"3","Recall",0.104455289772374
