"","Type","Value"
"1","F1",0.0857086528354299
"2","Precision",0.0966999219597477
"3","Recall",0.109226099434543
