"","Type","Value"
"1","F1",0.597030955449625
"2","Precision",0.68920996062245
"3","Recall",0.588315462765384
