"","Type","Value"
"1","F1",0.259673128233234
"2","Precision",0.352720084385081
"3","Recall",0.288093379262303
