"","Type","Value"
"1","F1",0.581818961722839
"2","Precision",0.685289938989712
"3","Recall",0.549151364264968
