"","Type","Value"
"1","F1",0.322026899256658
"2","Precision",0.350351812973627
"3","Recall",0.358968267542809
