"","Type","Value"
"1","F1",0.351333497225765
"2","Precision",0.400152185205755
"3","Recall",0.362827050002007
