"","Type","Value"
"1","F1",0.633738907316853
"2","Precision",0.80684324347093
"3","Recall",0.558382943930237
