"","Type","Value"
"1","F1",0.12346989048985
"2","Precision",0.192356486514206
"3","Recall",0.150739793205298
