"","Type","Value"
"1","F1",0.495423361452873
"2","Precision",0.496341371500658
"3","Recall",0.536582634495581
