"","Type","Value"
"1","F1",0.635037548542539
"2","Precision",0.69328756132882
"3","Recall",0.645266712132387
