"","Type","Value"
"1","F1",0.597136332058669
"2","Precision",0.800801273850288
"3","Recall",0.529823673493609
