"","Type","Value"
"1","F1",0.601128395750702
"2","Precision",0.744061916674916
"3","Recall",0.551350305616915
