"","Type","Value"
"1","F1",0.134616726744427
"2","Precision",0.171904666744726
"3","Recall",0.150909939234695
