"","Type","Value"
"1","F1",0.0312635259474861
"2","Precision",0.0225230520239862
"3","Recall",0.0603156122537521
