"","Type","Value"
"1","F1",0.319627147839537
"2","Precision",0.559599107085074
"3","Recall",0.328482473726501
