"","Type","Value"
"1","F1",0.536276344463745
"2","Precision",0.655985125932517
"3","Recall",0.519335231325837
