"","Type","Value"
"1","F1",0.0243827334359108
"2","Precision",0.0152666544522865
"3","Recall",0.0614352756020289
