"","Type","Value"
"1","F1",0.068344967406243
"2","Precision",0.0581571841676778
"3","Recall",0.107019104637713
