"","Type","Value"
"1","F1",0.0957494625314524
"2","Precision",0.175107828879621
"3","Recall",0.123198766045242
