"","Type","Value"
"1","F1",0.202304219300754
"2","Precision",0.235657396388461
"3","Recall",0.231838702379334
