"","Type","Value"
"1","F1",0.0716066886325561
"2","Precision",0.0710695129262303
"3","Recall",0.102211540375068
