"","Type","Value"
"1","F1",0.571769925499724
"2","Precision",0.668545931865308
"3","Recall",0.5863665412226
