"","Type","Value"
"1","F1",0.440169459694269
"2","Precision",0.52644956240873
"3","Recall",0.440273625490516
