"","Type","Value"
"1","F1",0.0766276901833829
"2","Precision",0.102235286133473
"3","Recall",0.0975616362224642
