"","Type","Value"
"1","F1",0.199088607188349
"2","Precision",0.220025358220797
"3","Recall",0.234970926681803
