"","Type","Value"
"1","F1",0.0695772603351396
"2","Precision",0.0561382832787923
"3","Recall",0.118911078546983
