"","Type","Value"
"1","F1",0.46417455467777
"2","Precision",0.54331630905601
"3","Recall",0.473313627929444
