"","Type","Value"
"1","F1",0.0320718926017448
"2","Precision",0.022780051612731
"3","Recall",0.0598543575032347
