"","Type","Value"
"1","F1",0.463450565411027
"2","Precision",0.534671272552189
"3","Recall",0.466494883395046
