"","Type","Value"
"1","F1",0.404342385474927
"2","Precision",0.453954436575227
"3","Recall",0.426460785093463
