"","Type","Value"
"1","F1",0.53935437958145
"2","Precision",0.651324515916127
"3","Recall",0.523377187450054
