"","Type","Value"
"1","F1",0.583147336739299
"2","Precision",0.705168524473848
"3","Recall",0.564494080800182
