"","Type","Value"
"1","F1",0.275699105836415
"2","Precision",0.279292035356357
"3","Recall",0.30931762378273
