"","Type","Value"
"1","F1",0.306067126891915
"2","Precision",0.363232700056559
"3","Recall",0.324474082469191
