"","Type","Value"
"1","F1",0.496090453613429
"2","Precision",0.602966553202615
"3","Recall",0.523050093645558
