"","Type","Value"
"1","F1",0.0766474274779258
"2","Precision",0.0998587680799809
"3","Recall",0.102456376380642
