"","Type","Value"
"1","F1",0.158580100512222
"2","Precision",0.176357804504554
"3","Recall",0.170488853895053
