"","Type","Value"
"1","F1",0.221282597231626
"2","Precision",0.238380663968218
"3","Recall",0.245859262317171
