"","Type","Value"
"1","F1",0.538324536538589
"2","Precision",0.636013156832054
"3","Recall",0.52851006593497
