"","Type","Value"
"1","F1",0.369691759689652
"2","Precision",0.437166680874077
"3","Recall",0.36948957786838
