"","Type","Value"
"1","F1",0.516577663882591
"2","Precision",0.625628230667558
"3","Recall",0.517497452475602
