"","Type","Value"
"1","F1",0.476534087160672
"2","Precision",0.556957525242042
"3","Recall",0.513090461506259
