"","Type","Value"
"1","F1",0.0850257280301649
"2","Precision",0.105338475222084
"3","Recall",0.101248566765796
