"","Type","Value"
"1","F1",0.421224592026711
"2","Precision",0.553915707757876
"3","Recall",0.425317466862005
