"","Type","Value"
"1","F1",0.113936188177068
"2","Precision",0.13740294823853
"3","Recall",0.138385074747088
