"","Type","Value"
"1","F1",0.0671231694008024
"2","Precision",0.054682137713714
"3","Recall",0.101074316375469
