"","Type","Value"
"1","F1",0.525524295276967
"2","Precision",0.582206334807158
"3","Recall",0.536584856318769
