"","Type","Value"
"1","F1",0.0686453906910891
"2","Precision",0.0556364551086114
"3","Recall",0.103753501505982
