"","Type","Value"
"1","F1",0.436931350737628
"2","Precision",0.463656886550738
"3","Recall",0.493027694920108
