"","Type","Value"
"1","F1",0.338816136534215
"2","Precision",0.410078859824252
"3","Recall",0.343044536260986
