"","Type","Value"
"1","F1",0.393483872760502
"2","Precision",0.414243673732532
"3","Recall",0.449791900683328
