"","Type","Value"
"1","F1",0.0283919662164069
"2","Precision",0.0271829407412684
"3","Recall",0.0499953773282199
