"","Type","Value"
"1","F1",0.302013131209256
"2","Precision",0.373825212529796
"3","Recall",0.322276528340197
