"","Type","Value"
"1","F1",0.37270063656943
"2","Precision",0.446742443363006
"3","Recall",0.383034296961367
