"","Type","Value"
"1","F1",0.0876054100743295
"2","Precision",0.095631334874667
"3","Recall",0.113815174456659
