"","Type","Value"
"1","F1",0.123113458559344
"2","Precision",0.131054653896489
"3","Recall",0.153902974866593
