"","Type","Value"
"1","F1",0.523572350167834
"2","Precision",0.620762284366222
"3","Recall",0.537300419921629
