"","Type","Value"
"1","F1",0.171821382573378
"2","Precision",0.193836277195597
"3","Recall",0.198300143782842
