"","Type","Value"
"1","F1",0.231097949981992
"2","Precision",0.293954502827382
"3","Recall",0.253869249491612
