"","Type","Value"
"1","F1",0.491243333506906
"2","Precision",0.687309448677541
"3","Recall",0.474450539278344
