"","Type","Value"
"1","F1",0.108515790476346
"2","Precision",0.104822711213261
"3","Recall",0.128078075602542
