"","Type","Value"
"1","F1",0.0820510574941244
"2","Precision",0.103208276293574
"3","Recall",0.0952071909307513
