"","Type","Value"
"1","F1",0.0681741093990637
"2","Precision",0.0568010370318415
"3","Recall",0.0964968511457423
