"","Type","Value"
"1","F1",0.0832899166167832
"2","Precision",0.104304887786439
"3","Recall",0.0972615123297617
