"","Type","Value"
"1","F1",0.0329047733066263
"2","Precision",0.025225925906059
"3","Recall",0.0580114985500939
