"","Type","Value"
"1","F1",0.0325852565924205
"2","Precision",0.025394853161632
"3","Recall",0.0570873626647624
