"","Type","Value"
"1","F1",0.0261315328802092
"2","Precision",0.0165370762512311
"3","Recall",0.0622518753930261
