"","Type","Value"
"1","F1",0.0885121359351314
"2","Precision",0.0977357429451015
"3","Recall",0.112498912100879
