"","Type","Value"
"1","F1",0.596479143613418
"2","Precision",0.741710110992043
"3","Recall",0.577140892881892
