"","Type","Value"
"1","F1",0.126529375791077
"2","Precision",0.173915373886852
"3","Recall",0.147438751010713
