"","Type","Value"
"1","F1",0.111826711404454
"2","Precision",0.121652922647701
"3","Recall",0.126848780432944
