"","Type","Value"
"1","F1",0.208491121286857
"2","Precision",0.253865427445349
"3","Recall",0.226204682388894
