"","Type","Value"
"1","F1",0.156383208457773
"2","Precision",0.195162324951255
"3","Recall",0.160109430662629
