"","Type","Value"
"1","F1",0.0355818398376375
"2","Precision",0.02751133043776
"3","Recall",0.0611476687541671
