"","Type","Value"
"1","F1",0.0325681229352336
"2","Precision",0.0256799870177735
"3","Recall",0.0567904618498855
