"","Type","Value"
"1","F1",0.0744641272201437
"2","Precision",0.0657559990728501
"3","Recall",0.09710462112994
