"","Type","Value"
"1","F1",0.489868654049424
"2","Precision",0.585423901613354
"3","Recall",0.486085356603854
