"","Type","Value"
"1","F1",0.0286425458276487
"2","Precision",0.027131984574878
"3","Recall",0.0502804074234442
