"","Type","Value"
"1","F1",0.550186271946507
"2","Precision",0.614546637043878
"3","Recall",0.59487095290072
