"","Type","Value"
"1","F1",0.132855495065106
"2","Precision",0.139023584893224
"3","Recall",0.168934941941879
