"","Type","Value"
"1","F1",0.433336474462427
"2","Precision",0.499550457065758
"3","Recall",0.437477917279252
