"","Type","Value"
"1","F1",0.559976689421293
"2","Precision",0.656239478084935
"3","Recall",0.552958783951734
