"","Type","Value"
"1","F1",0.583462602334806
"2","Precision",0.708296501326314
"3","Recall",0.571186462929785
