"","Type","Value"
"1","F1",0.289860155463312
"2","Precision",0.397869390384041
"3","Recall",0.263519838402143
