"","Type","Value"
"1","F1",0.0691654072707245
"2","Precision",0.0575983701047877
"3","Recall",0.0992276004779837
