"","Type","Value"
"1","F1",0.462798189946867
"2","Precision",0.577919620224772
"3","Recall",0.475742196603197
