"","Type","Value"
"1","F1",0.147701652120669
"2","Precision",0.174301793170855
"3","Recall",0.162475960193053
