"","Type","Value"
"1","F1",0.227966730262031
"2","Precision",0.253214778858268
"3","Recall",0.261130866699597
