"","Type","Value"
"1","F1",0.108487095616967
"2","Precision",0.0973900606127928
"3","Recall",0.140501910694924
