"","Type","Value"
"1","F1",0.508342907094502
"2","Precision",0.587610625065096
"3","Recall",0.535934631005707
