"","Type","Value"
"1","F1",0.0692906816784123
"2","Precision",0.0569158353501731
"3","Recall",0.10049255428165
