"","Type","Value"
"1","F1",0.331219376207062
"2","Precision",0.3732393842529
"3","Recall",0.344959060003316
