"","Type","Value"
"1","F1",0.0321473716612253
"2","Precision",0.0288759833844767
"3","Recall",0.0540723780007149
