"","Type","Value"
"1","F1",0.289590450571494
"2","Precision",0.291559507799557
"3","Recall",0.307304413473013
