"","Type","Value"
"1","F1",0.029913450244261
"2","Precision",0.0262496969507422
"3","Recall",0.0521358928520035
