"","Type","Value"
"1","F1",0.107384728472129
"2","Precision",0.0975179657723203
"3","Recall",0.133537085243015
