"","Type","Value"
"1","F1",0.427870604430369
"2","Precision",0.454993571042572
"3","Recall",0.45493559871952
