"","Type","Value"
"1","F1",0.0265366386577355
"2","Precision",0.0172929487115667
"3","Recall",0.0584607911532061
