"","Type","Value"
"1","F1",0.495959763842226
"2","Precision",0.566025600801501
"3","Recall",0.522632890246325
