"","Type","Value"
"1","F1",0.0672028615553125
"2","Precision",0.0554432021973174
"3","Recall",0.0965743455889591
