"","Type","Value"
"1","F1",0.0256826169305188
"2","Precision",0.0198884887837908
"3","Recall",0.0490511068325313
