"","Type","Value"
"1","F1",0.257483790659082
"2","Precision",0.31087889623976
"3","Recall",0.283052115006371
