"","Type","Value"
"1","F1",0.0697865421095316
"2","Precision",0.0620519788369433
"3","Recall",0.0921428388989649
