"","Type","Value"
"1","F1",0.388415591174615
"2","Precision",0.460060432795882
"3","Recall",0.399161958733508
