"","Type","Value"
"1","F1",0.544584212257577
"2","Precision",0.597285624327371
"3","Recall",0.555791476864614
