"","Type","Value"
"1","F1",0.332267433786654
"2","Precision",0.385449885088672
"3","Recall",0.322404152487064
