"","Type","Value"
"1","F1",0.58300547694443
"2","Precision",0.683919519147762
"3","Recall",0.607571970964021
