"","Type","Value"
"1","F1",0.10818988380422
"2","Precision",0.0965439267747826
"3","Recall",0.140539034491447
