"","Type","Value"
"1","F1",0.0317963561369707
"2","Precision",0.0275775308989062
"3","Recall",0.0541678493111799
