"","Type","Value"
"1","F1",0.0691008289046817
"2","Precision",0.0563808896066084
"3","Recall",0.106149937677679
