"","Type","Value"
"1","F1",0.0808350393314411
"2","Precision",0.0957421548741252
"3","Recall",0.11534236472322
