"","Type","Value"
"1","F1",0.566779388911195
"2","Precision",0.617185503942261
"3","Recall",0.592232011336067
