"","Type","Value"
"1","F1",0.0266093537269699
"2","Precision",0.0224947277362137
"3","Recall",0.0492296340542444
