"","Type","Value"
"1","F1",0.469655789680255
"2","Precision",0.547928689554286
"3","Recall",0.499426293214058
