"","Type","Value"
"1","F1",0.0271367808634789
"2","Precision",0.0209688659709106
"3","Recall",0.0507126708916173
