"","Type","Value"
"1","F1",0.595435669920958
"2","Precision",0.659749596964073
"3","Recall",0.596476142485402
