"","Type","Value"
"1","F1",0.590959346254756
"2","Precision",0.735253779152613
"3","Recall",0.552992359679274
