"","Type","Value"
"1","F1",0.0317499962686973
"2","Precision",0.0234615784025698
"3","Recall",0.057686660512879
