"","Type","Value"
"1","F1",0.0301346391585158
"2","Precision",0.0228177247107946
"3","Recall",0.0548097227736288
