"","Type","Value"
"1","F1",0.070515827134104
"2","Precision",0.0646373567100354
"3","Recall",0.0922212260820999
