Algorithm,Proportion_front<=0,Proportion_front<=0.1,Proportion_front<=0.33
chronoclust,0.0075,0.0325,0.2025
flowsom,0.049868766404199474,0.4330708661417323,0.7349081364829396
phenograph,0.04220779220779221,0.3409090909090909,0.8474025974025974
