Algorithm,Proportion_front<=0,Proportion_front<=0.1,Proportion_front<=0.33
chronoclust,0.01,0.07,0.37
flowsom,0.021505376344086023,0.34408602150537637,0.44086021505376344
phenograph,0.0,0.0,0.5684210526315789
