Algorithm,Proportion_front<=0,Proportion_front<=0.1,Proportion_front<=0.33
chronoclust,0.0,0.0,0.09
flowsom,0.050505050505050504,0.40404040404040403,0.8383838383838383
phenograph,0.04285714285714286,0.34285714285714286,0.9428571428571428
