Algorithm,Proportion_front<=0,Proportion_front<=0.1,Proportion_front<=0.33
chronoclust,0.02,0.04,0.11
flowsom,0.06315789473684211,0.2631578947368421,0.6947368421052632
phenograph,0.07142857142857142,0.3,0.8857142857142857
