Algorithm,Proportion_front<=0,Proportion_front<=0.1,Proportion_front<=0.33
chronoclust,0.0,0.0,0.17
flowsom,0.06382978723404255,0.46808510638297873,0.8404255319148937
phenograph,0.0684931506849315,0.4794520547945205,0.9726027397260274
