"","Type","Value"
"1","F1",0.0455402578980451
"2","Precision",0.0523113735808571
"3","Recall",0.0811378252883465
