"","Population","F1","Precision","Recall"
"1","1",0,0,0
"2","2",0,0,0
"3","3",0,0,0
"4","4",0,0,0
"5","5",0,0,0
"6","6",0,0,0
"7","7",0.423033260066182,0.268518045320278,0.996396874762952
"8","8",0,0,0
"9","9",0,0,0
"10","10",0.214530350506449,0.463841184811722,0.139532679273899
"11","11",0,0,0
"12","12",0,0,0
"13","13",0,0,0
"14","14",0,0,0
