"","Population","F1","Precision","Recall"
"1","1",0,0,0
"2","2",0,0,0
"3","3",0,0,0
"4","4",0,0,0
"5","5",0,0,0
"6","6",0,0,0
"7","7",0.418846248834856,0.265110181029701,0.997003716908139
"8","8",0,0,0
"9","9",0.000363130182170308,1,0.000181598062953995
"10","10",0.130383187229644,0.338972929936306,0.0807147258163894
"11","11",0,0,0
"12","12",0,0,0
"13","13",0,0,0
"14","14",0,0,0
