"","Type","Value"
"1","F1",0.0392566118747622
"2","Precision",0.114577365069
"3","Recall",0.0769928600562488
