"","Population","F1","Precision","Recall"
"1","1",0,0,0
"2","2",0,0,0
"3","3",0,0,0
"4","4",0,0,0
"5","5",0,0,0
"6","6",0,0,0
"7","7",0.721983380262345,0.565946725812356,0.996814078737768
"8","8",0,0,0
"9","9",0,0,0
"10","10",0.535443472075802,0.36573431426985,0.999004692165505
"11","11",0,0,0
"12","12",0.0636363636363636,0.127272727272727,0.0424242424242424
"13","13",0.000977517106549365,1,0.000488997555012225
"14","14",0,0,0
