"","Type","Value"
"1","F1",0.0944314809343614
"2","Precision",0.147068126239638
"3","Recall",0.145623715063038
