"","Type","Value"
"1","F1",0.0402848390354903
"2","Precision",0.113517699657891
"3","Recall",0.0777340087132102
