"","Population","F1","Precision","Recall"
"1","1",0,0,0
"2","2",0,0,0
"3","3",0,0,0
"4","4",0,0,0
"5","5",0,0,0
"6","6",0,0,0
"7","7",0.422123943526315,0.26771733707991,0.997345065614807
"8","8",0,0,0
"9","9",0.000242101440503571,1,0.000121065375302663
"10","10",0.141621701530047,0.321530458130559,0.0908099909948339
"11","11",0,0,0
"12","12",0,0,0
"13","13",0,0,0
"14","14",0,0,0
