"","Type","Value"
"1","F1",0.207683462284485
"2","Precision",0.436568359770235
"3","Recall",0.210759506328286
