"","Type","Value"
"1","F1",0.214521078303713
"2","Precision",0.344549779840235
"3","Recall",0.234619223226207
