"","Type","Value"
"1","F1",0.623613717554778
"2","Precision",0.687533900420545
"3","Recall",0.629530300378415
