"","Type","Value"
"1","F1",0.555463478596873
"2","Precision",0.823571253362591
"3","Recall",0.461004822387262
