"","Type","Value"
"1","F1",0.5006830635121
"2","Precision",0.491239940015128
"3","Recall",0.534502006928696
