"","Population","F1","Precision","Recall"
"1","1",0,0,0
"2","2",0,0,0
"3","3",0,0,0
"4","4",0,0,0
"5","5",0,0,0
"6","6",0,0,0
"7","7",0.491564187162568,0.326460994497149,0.994538420693317
"8","8",0.958678113363674,0.998545572074984,0.921871891784364
"9","9",0,0,0
"10","10",0.157442133575785,0.392223480558701,0.0984880800037917
"11","11",0,0,0
"12","12",0,0,0
"13","13",0,0,0
"14","14",0,0,0
