"","Type","Value"
"1","F1",0.114834602435859
"2","Precision",0.122659289080774
"3","Recall",0.143921313748677
