"","Type","Value"
"1","F1",0.682365438346267
"2","Precision",0.733363976931809
"3","Recall",0.664854568559832
