"","Population","F1","Precision","Recall"
"1","1",0,0,0
"2","2",0,0,0
"3","3",0,0,0
"4","4",0,0,0
"5","5",0,0,0
"6","6",0,0,0
"7","7",0.669465862534036,0.503714482652983,0.997800197223697
"8","8",0.000298344189746905,1,0.000149194350507261
"9","9",0.000605143721633888,1,0.000302663438256659
"10","10",0.573459117733638,0.407145700636943,0.969477226408834
"11","11",0,0,0
"12","12",0.0826771653543307,0.0493537015276146,0.254545454545455
"13","13",0,0,0
"14","14",0,0,0
