"","Type","Value"
"1","F1",0.0947504023952418
"2","Precision",0.211443848915539
"3","Recall",0.158733909711911
