"","Type","Value"
"1","F1",0.527451026146526
"2","Precision",0.586761431671526
"3","Recall",0.533603392649778
