"","Type","Value"
"1","F1",0.722161406029391
"2","Precision",0.848023535655446
"3","Recall",0.673111477982933
