"","Type","Value"
"1","F1",0.112777165034402
"2","Precision",0.371630665789534
"3","Recall",0.156726412950971
