"","Population","F1","Precision","Recall"
"1","1",0,0,0
"2","2",0.753249822736942,0.699363616414308,0.816133162612036
"3","3",0,0,0
"4","4",0,0,0
"5","5",0,0,0
"6","6",0,0,0
"7","7",0.483629132395366,0.320775280203109,0.982363650155503
"8","8",0,0,0
"9","9",0,0,0
"10","10",0.363472649508517,0.38481093104544,0.344376510735106
"11","11",0,0,0
"12","12",0,0,0
"13","13",0,0,0
"14","14",0,0,0
