"","Type","Value"
"1","F1",0.114310828902916
"2","Precision",0.100353559118775
"3","Recall",0.153062380250189
