"","Type","Value"
"1","F1",0.128992762292361
"2","Precision",0.160801045090079
"3","Recall",0.17254269643043
