"","Population","F1","Precision","Recall"
"1","1",0,0,0
"2","2",0,0,0
"3","3",0,0,0
"4","4",0.289230769230769,0.932231404958678,0.171168437025797
"5","5",0,0,0
"6","6",0,0,0
"7","7",0.472772632636945,0.309653680671479,0.999051809148145
"8","8",0,0,0
"9","9",0.962743437764606,0.961928934010152,0.963559322033898
"10","10",0,0,0
"11","11",0,0,0
"12","12",0.081151832460733,0.0474006116207951,0.281818181818182
"13","13",0,0,0
"14","14",0,0,0
