"","Type","Value"
"1","F1",0.109973838572622
"2","Precision",0.24882926434352
"3","Recall",0.155971127192836
