"","Population","F1","Precision","Recall"
"1","1",0,0,0
"2","2",0.773350334714695,0.660915365056302,0.931882202304738
"3","3",0,0,0
"4","4",0,0,0
"5","5",0,0,0
"6","6",0,0,0
"7","7",0.454152689266219,0.293900329259445,0.998710460441478
"8","8",0,0,0
"9","9",0,0,0
"10","10",0.241004572261613,0.40041836397666,0.172377837812219
"11","11",0,0,0
"12","12",0,0,0
"13","13",0,0,0
"14","14",0,0,0
