"","Type","Value"
"1","F1",0.104893399731609
"2","Precision",0.0968024327351719
"3","Recall",0.150212178611317
