"","Type","Value"
"1","F1",0.612338480783427
"2","Precision",0.936626513266085
"3","Recall",0.480326220013756
