"","Type","Value"
"1","F1",0.519150587266869
"2","Precision",0.761164026489216
"3","Recall",0.479008305931001
