"","Population","F1","Precision","Recall"
"1","1",0,0,0
"2","2",0,0,0
"3","3",0,0,0
"4","4",0,0,0
"5","5",0,0,0
"6","6",0,0,0
"7","7",0.408698214756565,0.256872684733866,0.999393157854813
"8","8",0,0,0
"9","9",0,0,0
"10","10",0,0,0
"11","11",0,0,0
"12","12",0.0641158221302999,0.0386533665835411,0.187878787878788
"13","13",0,0,0
"14","14",0,0,0
