"","Type","Value"
"1","F1",0.0337724312062046
"2","Precision",0.0211090036655291
"3","Recall",0.0848051389809715
