"","Population","F1","Precision","Recall"
"1","1",0,0,0
"2","2",0,0,0
"3","3",0,0,0
"4","4",0,0,0
"5","5",0,0,0
"6","6",0,0,0
"7","7",0.667606814803522,0.501939058171745,0.996510657665175
"8","8",0.00585114295631477,1,0.00293415555997613
"9","9",0.00458992631960382,1,0.00230024213075061
"10","10",0.579725434127788,0.409917160692552,0.98971515237689
"11","11",0,0,0
"12","12",0.0618357487922705,0.0453900709219858,0.096969696969697
"13","13",0,0,0
"14","14",0,0,0
