"","Type","Value"
"1","F1",0.0942577904999642
"2","Precision",0.211231877841877
"3","Recall",0.149173564621606
