"","Type","Value"
"1","F1",0.578211302252649
"2","Precision",0.886705197219595
"3","Recall",0.44434351308255
