"","Type","Value"
"1","F1",0.731667420019414
"2","Precision",0.852904555624394
"3","Recall",0.682878669346957
