"","Population","F1","Precision","Recall"
"1","1",0,0,0
"2","2",0,0,0
"3","3",0,0,0
"4","4",0,0,0
"5","5",0,0,0
"6","6",0,0,0
"7","7",0.417928210987337,0.264241998595365,0.998900098611849
"8","8",0,0,0
"9","9",0.000242101440503571,1,0.000121065375302663
"10","10",0.150326031783218,0.426640070921986,0.0912365514953315
"11","11",0,0,0
"12","12",0,0,0
"13","13",0,0,0
"14","14",0,0,0
