"","Type","Value"
"1","F1",0.0406068817293613
"2","Precision",0.120777290679811
"3","Recall",0.0778755511058916
