"","Population","F1","Precision","Recall"
"1","1",0,0,0
"2","2",0,0,0
"3","3",0,0,0
"4","4",0,0,0
"5","5",0,0,0
"6","6",0,0,0
"7","7",0.721869884026469,0.566370917254927,0.995069407570356
"8","8",0.00237812128418549,0.315789473684211,0.00119355480405809
"9","9",0,0,0
"10","10",0.53472284152727,0.365647977140468,0.994644295938196
"11","11",0,0,0
"12","12",0.0554785020804438,0.051150895140665,0.0606060606060606
"13","13",0,0,0
"14","14",0,0,0
