"","Type","Value"
"1","F1",0.0938892392084549
"2","Precision",0.0927828045157336
"3","Recall",0.146536665637048
