"","Type","Value"
"1","F1",0.690330607553215
"2","Precision",0.841104333759715
"3","Recall",0.623323865674076
