"","Type","Value"
"1","F1",0.828160099102559
"2","Precision",0.856938336429795
"3","Recall",0.822689172583789
