"","Type","Value"
"1","F1",0.154580196410345
"2","Precision",0.130696207238953
"3","Recall",0.220871345630369
