"","Population","F1","Precision","Recall"
"1","1",0,0,0
"2","2",0,0,0
"3","3",0,0,0
"4","4",0,0,0
"5","5",0,0,0
"6","6",0,0,0
"7","7",0.489942809317897,0.324545084946223,0.999127664416294
"8","8",0.976845850806964,0.99896033685086,0.955689277899344
"9","9",0,0,0
"10","10",0,0,0
"11","11",0.62687338501292,0.460866261398176,0.979806138933764
"12","12",0.0704607046070461,0.0453752181500873,0.157575757575758
"13","13",0,0,0
"14","14",0,0,0
