"","Type","Value"
"1","F1",0.0788956027878081
"2","Precision",0.230200748513979
"3","Recall",0.147239239206606
