"","Type","Value"
"1","F1",0.167833575571206
"2","Precision",0.239634612337073
"3","Recall",0.195401476093235
