"","Population","F1","Precision","Recall"
"1","1",0,0,0
"2","2",0,0,0
"3","3",0.8485312899106,0.996400719856029,0.738879003558719
"4","4",0,0,0
"5","5",0,0,0
"6","6",0,0,0
"7","7",0.482145145053537,0.317741001640452,0.99908973678222
"8","8",0.977621029128184,0.997979693327808,0.95807638750746
"9","9",0.000363130182170308,1,0.000181598062953995
"10","10",0,0,0
"11","11",0,0,0
"12","12",0.0410094637223975,0.0427631578947368,0.0393939393939394
"13","13",0,0,0
"14","14",0,0,0
