"","Type","Value"
"1","F1",0.547385053286934
"2","Precision",0.643730969813366
"3","Recall",0.532864932318318
