"","Type","Value"
"1","F1",0.167429449851019
"2","Precision",0.169439173868358
"3","Recall",0.19648868568231
