"","Population","F1","Precision","Recall"
"1","1",0,0,0
"2","2",0,0,0
"3","3",0.799679914643905,0.998667554963358,0.666814946619217
"4","4",0,0,0
"5","5",0,0,0
"6","6",0,0,0
"7","7",0.470192710702088,0.307364960184678,0.999886217097777
"8","8",0,0,0
"9","9",0.984587433762301,0.985034837927901,0.984140435835351
"10","10",0,0,0
"11","11",0,0,0
"12","12",0.0895522388059701,0.0810810810810811,0.1
"13","13",0,0,0
"14","14",0,0,0
