"","Type","Value"
"1","F1",0.607649559341439
"2","Precision",0.610303116885534
"3","Recall",0.630942303185108
