"","Type","Value"
"1","F1",0.797168729047274
"2","Precision",0.893322684375827
"3","Recall",0.755071284590078
