"","Type","Value"
"1","F1",0.20343414427728
"2","Precision",0.309463696917028
"3","Recall",0.285798765125309
