"","Type","Value"
"1","F1",0.654284915415332
"2","Precision",0.713412507376952
"3","Recall",0.664813585331958
