"","Type","Value"
"1","F1",0.680009223016662
"2","Precision",0.781942744267104
"3","Recall",0.638878135657284
