"","Type","Value"
"1","F1",0.531777786220947
"2","Precision",0.600571821241112
"3","Recall",0.536767620094144
