"","Population","F1","Precision","Recall"
"1","1",0,0,0
"2","2",0,0,0
"3","3",0,0,0
"4","4",0,0,0
"5","5",0,0,0
"6","6",0,0,0
"7","7",0.425854835835884,0.27073979486757,0.997155427444436
"8","8",0,0,0
"9","9",0,0,0
"10","10",0.245536823425022,0.488835500282646,0.163941419024598
"11","11",0,0,0
"12","12",0,0,0
"13","13",0,0,0
"14","14",0,0,0
