"","Type","Value"
"1","F1",0.0479565470900648
"2","Precision",0.0542553782250154
"3","Recall",0.0829354890335025
