"","Type","Value"
"1","F1",0.554860251073834
"2","Precision",0.642544122957449
"3","Recall",0.574340861125331
