"","Type","Value"
"1","F1",0.625826912673411
"2","Precision",0.72694017634762
"3","Recall",0.624826351453467
