"","Type","Value"
"1","F1",0.110903577927826
"2","Precision",0.240655957787906
"3","Recall",0.152240398164589
