"","Population","F1","Precision","Recall"
"1","1",0,0,0
"2","2",0,0,0
"3","3",0,0,0
"4","4",0,0,0
"5","5",0,0,0
"6","6",0,0,0
"7","7",0.479244733874195,0.315211409155081,0.999241447318516
"8","8",0.986686800050333,0.998777194680797,0.974885617664611
"9","9",0.00253914515446466,1,0.00127118644067797
"10","10",0.00283969899190686,1,0.00142186833499218
"11","11",0,0,0
"12","12",0.0813397129186603,0.0551948051948052,0.154545454545455
"13","13",0,0,0
"14","14",0,0,0
