"","Type","Value"
"1","F1",0.42658003568053
"2","Precision",0.412474131855557
"3","Recall",0.463246838389173
