"","Type","Value"
"1","F1",0.602718367064271
"2","Precision",0.853239841431267
"3","Recall",0.5056651164723
