"","Type","Value"
"1","F1",0.0337923160613234
"2","Precision",0.0934242655621215
"3","Recall",0.0778563788563224
