"","Population","F1","Precision","Recall"
"1","1",0,0,0
"2","2",0,0,0
"3","3",0,0,0
"4","4",0,0,0
"5","5",0,0,0
"6","6",0,0,0
"7","7",0.405240524052405,0.254176277009486,0.998938026245923
"8","8",0,0,0
"9","9",0,0,0
"10","10",0.000284333238555587,1,0.000142186833499218
"11","11",0,0,0
"12","12",0.0675675675675676,0.0537634408602151,0.0909090909090909
"13","13",0,0,0
"14","14",0,0,0
