"","Type","Value"
"1","F1",0.695974400337873
"2","Precision",0.835777346823403
"3","Recall",0.636774863927041
