"","Type","Value"
"1","F1",0.23850482954872
"2","Precision",0.280630775087331
"3","Recall",0.28181276151293
