"","Type","Value"
"1","F1",0.50746068162215
"2","Precision",0.552280650702967
"3","Recall",0.514597885921784
