"","Type","Value"
"1","F1",0.64795172400889
"2","Precision",0.705537777416826
"3","Recall",0.665050064796729
