"","Population","F1","Precision","Recall"
"1","1",0,0,0
"2","2",0,0,0
"3","3",0,0,0
"4","4",0,0,0
"5","5",0,0,0
"6","6",0,0,0
"7","7",0.415525979254488,0.262371401228168,0.998217401198513
"8","8",0.000198906016907011,1,9.94629003381739e-05
"9","9",0.000363130182170308,1,0.000181598062953995
"10","10",0.0975805159429579,0.315135834411384,0.0577278544006825
"11","11",0,0,0
"12","12",0,0,0
"13","13",0,0,0
"14","14",0,0,0
