"","Type","Value"
"1","F1",0.0366906093854659
"2","Precision",0.184107659688539
"3","Recall",0.0754447368973206
