"","Type","Value"
"1","F1",0.447772338910904
"2","Precision",0.444934094105546
"3","Recall",0.471088121445163
