"","Type","Value"
"1","F1",0.0358270588623204
"2","Precision",0.022276913272372
"3","Recall",0.0928246334565078
