"","Population","F1","Precision","Recall"
"1","1",0,0,0
"2","2",0,0,0
"3","3",0,0,0
"4","4",0,0,0
"5","5",0,0,0
"6","6",0,0,0
"7","7",0.409442946920322,0.257451277292043,0.99954486839111
"8","8",0,0,0
"9","9",0,0,0
"10","10",0,0,0
"11","11",0,0,0
"12","12",0.0921358771521638,0.0544255085211655,0.3
"13","13",0,0,0
"14","14",0,0,0
