"","Population","F1","Precision","Recall"
"1","1",0.1015625,0.89041095890411,0.0538525269262635
"2","2",0.768585131894484,0.630181877765034,0.984891165172855
"3","3",0,0,0
"4","4",0,0,0
"5","5",0,0,0
"6","6",0,0,0
"7","7",0.491726077572111,0.326233308950246,0.997989835394068
"8","8",0,0,0
"9","9",0.987515151515151,0.98871359223301,0.986319612590799
"10","10",0,0,0
"11","11",0,0,0
"12","12",0.0849292256452956,0.0585533869115959,0.154545454545455
"13","13",0,0,0
"14","14",0,0,0
