"","Type","Value"
"1","F1",0.173879863330503
"2","Precision",0.206720937483142
"3","Recall",0.226971328187817
