"","Population","F1","Precision","Recall"
"1","1",0,0,0
"2","2",0,0,0
"3","3",0.870546914199699,0.998273878020713,0.771797153024911
"4","4",0,0,0
"5","5",0,0,0
"6","6",0,0,0
"7","7",0.412221501020544,0.259647117932753,0.999620723659258
"8","8",0,0,0
"9","9",0,0,0
"10","10",0,0,0
"11","11",0,0,0
"12","12",0.0772261623325453,0.0521831735889244,0.148484848484848
"13","13",0,0,0
"14","14",0,0,0
