"","Type","Value"
"1","F1",0.0971424698251992
"2","Precision",0.0935788692530279
"3","Recall",0.137135908940644
