"","Population","F1","Precision","Recall"
"1","1",0,0,0
"2","2",0,0,0
"3","3",0,0,0
"4","4",0,0,0
"5","5",0,0,0
"6","6",0,0,0
"7","7",0.455607799751072,0.295040859733572,0.999620723659258
"8","8",0.819722108225362,0.998286448664858,0.695345136264173
"9","9",0,0,0
"10","10",0,0,0
"11","11",0,0,0
"12","12",0.113752122241087,0.0790094339622641,0.203030303030303
"13","13",0,0,0
"14","14",0,0,0
