"","Type","Value"
"1","F1",0.0992201450155372
"2","Precision",0.0980240530257639
"3","Recall",0.135571154496695
