"","Population","F1","Precision","Recall"
"1","1",0,0,0
"2","2",0,0,0
"3","3",0,0,0
"4","4",0,0,0
"5","5",0,0,0
"6","6",0,0,0
"7","7",0.471264779007995,0.308339574946166,0.99927937495259
"8","8",0.917002850841805,0.998477216820897,0.847821762482594
"9","9",0,0,0
"10","10",0,0,0
"11","11",0,0,0
"12","12",0.0672690763052209,0.0403128760529483,0.203030303030303
"13","13",0,0,0
"14","14",0,0,0
