"","Type","Value"
"1","F1",0.103966907582502
"2","Precision",0.0962235477014294
"3","Recall",0.146437960033249
