"","Type","Value"
"1","F1",0.260647109170369
"2","Precision",0.449419022568375
"3","Recall",0.258734643150528
