"","Type","Value"
"1","F1",0.24250583265074
"2","Precision",0.314389127366695
"3","Recall",0.278756902307744
