"","Type","Value"
"1","F1",0.621725991465266
"2","Precision",0.881369349730752
"3","Recall",0.504851129467698
