"","Type","Value"
"1","F1",0.0408588404540577
"2","Precision",0.117613841370172
"3","Recall",0.0778814833822563
