"","Population","F1","Precision","Recall"
"1","1",0,0,0
"2","2",0,0,0
"3","3",0,0,0
"4","4",0,0,0
"5","5",0,0,0
"6","6",0,0,0
"7","7",0.418674410441331,0.265098704815017,0.995221118106652
"8","8",0,0,0
"9","9",0.00302206104563312,1,0.00151331719128329
"10","10",0.150327294869843,0.381495074367394,0.0936063320536518
"11","11",0,0,0
"12","12",0,0,0
"13","13",0,0,0
"14","14",0,0,0
