"","Population","F1","Precision","Recall"
"1","1",0,0,0
"2","2",0,0,0
"3","3",0.791196994095545,0.997293640054127,0.655693950177936
"4","4",0,0,0
"5","5",0,0,0
"6","6",0,0,0
"7","7",0.410571038783863,0.25839719749973,0.998748388075552
"8","8",0.000298344189746905,1,0.000149194350507261
"9","9",0.00495109286318077,0.976190476190476,0.0024818401937046
"10","10",0,0,0
"11","11",0,0,0
"12","12",0.0667284522706209,0.048064085447263,0.109090909090909
"13","13",0,0,0
"14","14",0,0,0
