"","Type","Value"
"1","F1",0.0909818515859254
"2","Precision",0.234281814227971
"3","Recall",0.126154591563472
