"","Type","Value"
"1","F1",0.746690145097991
"2","Precision",0.822900703969312
"3","Recall",0.729801858163759
