"","Type","Value"
"1","F1",0.0503041506091071
"2","Precision",0.117581946439339
"3","Recall",0.0850070702127954
