"","Population","F1","Precision","Recall"
"1","1",0,0,0
"2","2",0,0,0
"3","3",0.797434526990914,0.998661311914324,0.663701067615658
"4","4",0,0,0
"5","5",0,0,0
"6","6",0,0,0
"7","7",0.484432756496313,0.319731028790601,0.99908973678222
"8","8",0.96326803778733,0.998399231631183,0.930525164113786
"9","9",0,0,0
"10","10",0.00123152709359606,1,0.000616142945163278
"11","11",0,0,0
"12","12",0.0798722044728435,0.0484496124031008,0.227272727272727
"13","13",0,0,0
"14","14",0,0,0
