"","Type","Value"
"1","F1",0.166159932345785
"2","Precision",0.240374370338515
"3","Recall",0.201514631337825
