"","Type","Value"
"1","F1",0.441616772367764
"2","Precision",0.500361592964512
"3","Recall",0.475492992224246
