"","Type","Value"
"1","F1",0.0347957921652006
"2","Precision",0.0230091376545217
"3","Recall",0.0787418238036458
