"","Type","Value"
"1","F1",0.727011708802355
"2","Precision",0.855590586391295
"3","Recall",0.670193285895329
