"","Type","Value"
"1","F1",0.450923524220193
"2","Precision",0.622253471622639
"3","Recall",0.493668997918931
