"","Type","Value"
"1","F1",0.459016251298744
"2","Precision",0.664865039867837
"3","Recall",0.48231888486996
