"","Type","Value"
"1","F1",0.0940835621267514
"2","Precision",0.0740008413751191
"3","Recall",0.145472318529754
