"","Population","F1","Precision","Recall"
"1","1",0,0,0
"2","2",0,0,0
"3","3",0,0,0
"4","4",0,0,0
"5","5",0,0,0
"6","6",0,0,0
"7","7",0.722330684411692,0.566532953761215,0.996321019494804
"8","8",0,0,0
"9","9",0,0,0
"10","10",0.534494357776621,0.365001213550154,0.997867197497512
"11","11",0,0,0
"12","12",0.0603448275862069,0.104477611940299,0.0424242424242424
"13","13",0,0,0
"14","14",0,0,0
