"","Type","Value"
"1","F1",0.0363474139200266
"2","Precision",0.0225832827209978
"3","Recall",0.0945508169546704
