"","Type","Value"
"1","F1",0.0388644003348365
"2","Precision",0.113933180928417
"3","Recall",0.0766420911373791
