"","Population","F1","Precision","Recall"
"1","1",0,0,0
"2","2",0,0,0
"3","3",0,0,0
"4","4",0,0,0
"5","5",0,0,0
"6","6",0,0,0
"7","7",0.417808001019238,0.264417746779818,0.995031479936282
"8","8",0,0,0
"9","9",0.000363130182170308,1,0.000181598062953995
"10","10",0.125930473486302,0.330646786218013,0.0777761979240722
"11","11",0,0,0
"12","12",0,0,0
"13","13",0,0,0
"14","14",0,0,0
