"","Type","Value"
"1","F1",0.628058156876935
"2","Precision",0.698454590276218
"3","Recall",0.618359799596392
