"","Population","F1","Precision","Recall"
"1","1",0,0,0
"2","2",0,0,0
"3","3",0,0,0
"4","4",0,0,0
"5","5",0,0,0
"6","6",0,0,0
"7","7",0.417096886580306,0.263575045533695,0.998938026245923
"8","8",0,0,0
"9","9",0,0,0
"10","10",0.152778325511693,0.454908407703147,0.0918052988293284
"11","11",0,0,0
"12","12",0,0,0
"13","13",0,0,0
"14","14",0,0,0
