"","Type","Value"
"1","F1",0.0407053722922856
"2","Precision",0.0513202466597744
"3","Recall",0.0779102375053751
