"","Type","Value"
"1","F1",0.721596820136474
"2","Precision",0.753410942456478
"3","Recall",0.711043775072387
