"","Type","Value"
"1","F1",0.707212132866385
"2","Precision",0.871352829921574
"3","Recall",0.636577693570398
