"","Population","F1","Precision","Recall"
"1","1",0.0033085194375517,1,0.00165700082850041
"2","2",0,0,0
"3","3",0,0,0
"4","4",0,0,0
"5","5",0,0,0
"6","6",0,0,0
"7","7",0.427089957442645,0.272016366884061,0.993438519305166
"8","8",0,0,0
"9","9",0,0,0
"10","10",0.16621187523747,0.306418746816098,0.114033840466373
"11","11",0,0,0
"12","12",0.0217391304347826,0.105263157894737,0.0121212121212121
"13","13",0,0,0
"14","14",0,0,0
