"","Type","Value"
"1","F1",0.0441678201823179
"2","Precision",0.120264162256778
"3","Recall",0.0800893266229465
