"","Type","Value"
"1","F1",0.687683189118984
"2","Precision",0.893604120915892
"3","Recall",0.596014704008601
