"","Type","Value"
"1","F1",0.0491627061625883
"2","Precision",0.0459003688285642
"3","Recall",0.0842616589984475
