"","Population","F1","Precision","Recall"
"1","1",0,0,0
"2","2",0,0,0
"3","3",0,0,0
"4","4",0,0,0
"5","5",0,0,0
"6","6",0,0,0
"7","7",0.435913125843469,0.279792969128297,0.986194341196996
"8","8",0,0,0
"9","9",0,0,0
"10","10",0.252364760432767,0.362812194471603,0.193468884781269
"11","11",0,0,0
"12","12",0,0,0
"13","13",0,0,0
"14","14",0,0,0
