"","Type","Value"
"1","F1",0.0446740792971816
"2","Precision",0.118889635472541
"3","Recall",0.0806592132963823
