"","Population","F1","Precision","Recall"
"1","1",0,0,0
"2","2",0,0,0
"3","3",0,0,0
"4","4",0,0,0
"5","5",0,0,0
"6","6",0,0,0
"7","7",0.425371198858847,0.270485889216434,0.995296973374801
"8","8",0,0,0
"9","9",0.000363130182170308,1,0.000181598062953995
"10","10",0.199702781119524,0.393969007399134,0.133750414711598
"11","11",0,0,0
"12","12",0,0,0
"13","13",0,0,0
"14","14",0,0,0
