"","Population","F1","Precision","Recall"
"1","1",0,0,0
"2","2",0,0,0
"3","3",0,0,0
"4","4",0,0,0
"5","5",0,0,0
"6","6",0,0,0
"7","7",0.485077856662707,0.320304994466807,0.998975953879997
"8","8",0.928314744323475,0.998739904920099,0.867167296598369
"9","9",0.000363130182170308,1,0.000181598062953995
"10","10",0.129581867917155,0.369182810064574,0.0785819233139011
"11","11",0,0,0
"12","12",0,0,0
"13","13",0,0,0
"14","14",0,0,0
