"","Type","Value"
"1","F1",0.110238399934679
"2","Precision",0.19201626496082
"3","Recall",0.138921912275373
