"","Type","Value"
"1","F1",0.376838316940903
"2","Precision",0.546670444747753
"3","Recall",0.380779467971471
