"","Type","Value"
"1","F1",0.1667956948831
"2","Precision",0.147419052242879
"3","Recall",0.223585657807374
