"","Population","F1","Precision","Recall"
"1","1",0,0,0
"2","2",0,0,0
"3","3",0,0,0
"4","4",0.808418917205528,0.694250871080139,0.96752655538695
"5","5",0,0,0
"6","6",0,0,0
"7","7",0.500874591223667,0.334204450308274,0.999165592050368
"8","8",0.961276683510364,0.998019271948608,0.927143425502288
"9","9",0,0,0
"10","10",0,0,0
"11","11",0,0,0
"12","12",0.0645695364238411,0.037392138063279,0.236363636363636
"13","13",0,0,0
"14","14",0,0,0
