"","Type","Value"
"1","F1",0.0992017030802319
"2","Precision",0.154024018555407
"3","Recall",0.130300407465548
