"","Population","F1","Precision","Recall"
"1","1",0.108527131782946,0.843373493975904,0.0579950289975145
"2","2",0,0,0
"3","3",0.797113071371291,0.998660415271266,0.663256227758007
"4","4",0,0,0
"5","5",0,0,0
"6","6",0,0,0
"7","7",0.410766174580298,0.258473122285513,0.999924144731852
"8","8",0,0,0
"9","9",0,0,0
"10","10",0,0,0
"11","11",0,0,0
"12","12",0.0724174653887114,0.0558292282430213,0.103030303030303
"13","13",0,0,0
"14","14",0,0,0
