"","Type","Value"
"1","F1",0.695801524030654
"2","Precision",0.776727580292206
"3","Recall",0.64731774835877
