"","Population","F1","Precision","Recall"
"1","1",0,0,0
"2","2",0,0,0
"3","3",0,0,0
"4","4",0,0,0
"5","5",0,0,0
"6","6",0,0,0
"7","7",0.425062357224155,0.26999394977286,0.998596677539255
"8","8",0,0,0
"9","9",0.156984517186354,0.272986350682466,0.110169491525424
"10","10",0,0,0
"11","11",0,0,0
"12","12",0,0,0
"13","13",0,0,0
"14","14",0,0,0
