"","Type","Value"
"1","F1",0.0415747767436078
"2","Precision",0.0387843071753804
"3","Recall",0.0791975835046199
