"","Type","Value"
"1","F1",0.706675149930405
"2","Precision",0.86845985716178
"3","Recall",0.633672194192141
