"","Type","Value"
"1","F1",0.446338806014305
"2","Precision",0.470535398438568
"3","Recall",0.486021598348659
