"","Population","F1","Precision","Recall"
"1","1",0,0,0
"2","2",0,0,0
"3","3",0,0,0
"4","4",0,0,0
"5","5",0,0,0
"6","6",0,0,0
"7","7",0.408355220850863,0.25659425722715,0.999506940757036
"8","8",0,0,0
"9","9",0,0,0
"10","10",0,0,0
"11","11",0,0,0
"12","12",0.121479845389288,0.0742741390952059,0.333333333333333
"13","13",0,0,0
"14","14",0,0,0
