"","Type","Value"
"1","F1",0.0378453618742965
"2","Precision",0.0236334568801683
"3","Recall",0.0952028767207406
