"","Type","Value"
"1","F1",0.096038149006889
"2","Precision",0.165467094970657
"3","Recall",0.137255398431942
