"","Population","F1","Precision","Recall"
"1","1",0,0,0
"2","2",0,0,0
"3","3",0.84178029328531,0.99816961561928,0.727758007117438
"4","4",0,0,0
"5","5",0,0,0
"6","6",0,0,0
"7","7",0.412439854477174,0.259815276641465,0.999696578927406
"8","8",0,0,0
"9","9",0.000363130182170308,1,0.000181598062953995
"10","10",0,0,0
"11","11",0,0,0
"12","12",0.089950808151792,0.0585544373284538,0.193939393939394
"13","13",0,0,0
"14","14",0,0,0
