"","Type","Value"
"1","F1",0.306170821519813
"2","Precision",0.27889845538907
"3","Recall",0.35318185449084
