"","Type","Value"
"1","F1",0.0437863545889582
"2","Precision",0.0521668741256174
"3","Recall",0.0800010666105436
