"","Population","F1","Precision","Recall"
"1","1",0,0,0
"2","2",0,0,0
"3","3",0,0,0
"4","4",0,0,0
"5","5",0,0,0
"6","6",0,0,0
"7","7",0.421354828907068,0.266965941448882,0.999203519684442
"8","8",0,0,0
"9","9",0,0,0
"10","10",0.191654135338346,0.463370296309762,0.120811412863169
"11","11",0,0,0
"12","12",0,0,0
"13","13",0,0,0
"14","14",0,0,0
