"","Population","F1","Precision","Recall"
"1","1",0.954947707160097,0.928068803752932,0.983429991714996
"2","2",0,0,0
"3","3",0,0,0
"4","4",0,0,0
"5","5",0.0182370820668693,0.12,0.00986842105263158
"6","6",0,0,0
"7","7",0.48059062115481,0.316308533995609,0.999924144731852
"8","8",0.942249718195402,0.996285825156605,0.89377362243883
"9","9",0,0,0
"10","10",0,0,0
"11","11",0.904029304029304,0.827077747989276,0.996768982229402
"12","12",0,0,0
"13","13",0,0,0
"14","14",0,0,0
