"","Type","Value"
"1","F1",0.235718173757606
"2","Precision",0.227695779349602
"3","Recall",0.277411797297694
