"","Type","Value"
"1","F1",0.725728730295387
"2","Precision",0.826473293962211
"3","Recall",0.701042874568864
