"","Type","Value"
"1","F1",0.652280271553234
"2","Precision",0.888461247860911
"3","Recall",0.536768975476554
