"","Population","F1","Precision","Recall"
"1","1",0,0,0
"2","2",0,0,0
"3","3",0,0,0
"4","4",0,0,0
"5","5",0,0,0
"6","6",0,0,0
"7","7",0.407567542482346,0.255987485790348,0.99927937495259
"8","8",0,0,0
"9","9",0.000363130182170308,1,0.000181598062953995
"10","10",0,0,0
"11","11",0,0,0
"12","12",0.109571788413098,0.0691573926868044,0.263636363636364
"13","13",0,0,0
"14","14",0,0,0
