"","Type","Value"
"1","F1",0.0369644615055439
"2","Precision",0.0946532056055109
"3","Recall",0.0902212383322791
