"","Type","Value"
"1","F1",0.625091154217308
"2","Precision",0.837008865142868
"3","Recall",0.557896689212835
