"","Type","Value"
"1","F1",0.646408671308685
"2","Precision",0.867384171080017
"3","Recall",0.552441888383627
